INSERT INTO users (id, name, age) VALUES (1, "Tony", 23), (2, "Vivy", 23), (3, "Quicy", 30), (4, "Yui", 33), (5, "Quency", 40), 
(6, "Itchi", 34), (7, "Toicha", 33), (8, "Vocli", 24), (9, "Poppi", 23), (10, "Lokki", 24), 
(11, "Wei", 25), (12, "Goli", 33), (13, "Tommy", 32), (14, "Lucy", 23), (15, "Natsu", 22), 
(16, "Koichi", 34), (17, "Tomoka", 22), (18, "Missami", 33), (19, "Floska", 21), (20, "Pippo", 22);

INSERT INTO projects (id, title, category, funding_goal, start_date, end_date) 
VALUES (1, 'Help me buy a guitar', 'music', 500.00, '2013-06-30', '2013-07-30'), 
(2, 'Ferret Resue', 'charity', 400.00, '2017-03-21', '2017-12-30'), 
(3, 'Breast Cancer Research', 'health', 1000.00, '2014-02-26', '2015-10-26'), 
(4, 'Pet Shelter', 'charity', 600.00, '2018-04-20', '2019-06-20'), 
(5, 'Help me buy a computer', 'electronic', 1000.00, '2013-02-11', '2013-06-11'), 
(6, 'Recover from Hurricane', 'charity', 2000.00, '2014-03-09', '2014-06-09'), 
(7, 'I want to study abroad', 'charity', 600.00, '2018-08-01', '2018-12-10'), 
(8, 'Need to buy coding books', 'books', 200.00, '2017-03-21', '2017-12-30'), 
(9, 'Need games for orphans', 'game', 300.00, '2017-03-21', '2017-12-30'), 
(10, 'Help me get rid of bug', 'charity', 500.00, '2017-03-21', '2017-12-30');

INSERT INTO pledges (id, amount, user_id, project_id) VALUES
(1, 10.00, 1, 2),
(2, 30.00, 1, 3),
(3, 40.00, 2, 4),
(4, 90.00, 2, 3),
(5, 20.00, 3, 2),
(6, 20.00, 4, 4),
(7, 40.00, 5, 10),
(8, 60.00, 5, 10),
(9, 50.00, 7, 9),
(10, 700.00, 8, 8),
(11, 1000.00, 8, 7),
(12, 40.00, 9, 6),
(13, 50.00, 9, 3),
(14, 70.00, 10, 4),
(15, 24.00, 12, 1),
(16, 34.00, 15, 1),
(17, 92.00, 13, 6),
(18, 19.00, 14, 5),
(19, 320.00, 15, 5),
(20, 40.00, 16, 6),
(21, 35.50, 17, 7),
(22, 1200.00, 18, 8),
(23, 60.00, 19, 9),
(24, 70.00, 20, 10),
(25, 100.00, 20, 4),
(26, 40.00, 12, 1),
(27, 20.00, 18, 6),
(28, 3450.00, 17, 9),
(29, 230.00, 16, 6),
(30, 450.00, 15, 5);
